Strategy,Top_K,Average_30D_Return,Market_Average_30D_Return,Excess_Return_vs_Market,Positive_Excess_Return_Rate,Top_Quartile_Hit_Rate
Final Ranker Score,5,0.06489419267156009,0.03348632826016753,0.03140786441139256,0.6158940397350994,0.34105960264900664
Final Ranker Score,10,0.05763210203892032,0.03348632826016753,0.024145773778752794,0.7052980132450332,0.3271523178807947
